label,mechanism,param,rel_std_ms,rel_max_ms,comp_std_ms,comp_max_ms,hit_pct
baseline,baseline,0,8.395376350091563,47.24989999842366,10.426479112213336,51.2377936035919,88.0
load duty=0.25,load,0.25,1.1643027835152313,12.949100003170289,1.9712036443724035,20.1667624002148,98.8
load duty=0.50,load,0.5,6.448038073885514,43.743799997901064,6.730200116696816,40.4061980029219,88.4
load duty=0.75,load,0.75,1.3375584851382787,4.511599994730275,1.5841001310106233,5.818575596844373,100.0
load duty=1.00,load,1.0,5.616992470132175,20.897999999869967,5.830234356200354,14.64120560360609,50.8
"stall p=0.02, 4 ms",stall_prob,0.02,0.7059006390567546,5.195799996436101,1.433551224242125,6.926392802270132,99.2
"stall p=0.05, 4 ms",stall_prob,0.05,10.401813615364519,53.282800002489196,11.974003516982089,55.72479520199703,90.4
"stall p=0.10, 4 ms",stall_mag,4,1.873993331515574,12.168200000305662,3.2168456550714426,15.089883603504877,91.60000000000001
"stall p=0.20, 4 ms",stall_prob,0.2,18.806892926055493,103.61830000590987,20.371981048542334,97.48180799899266,62.0
"stall p=0.40, 4 ms",stall_prob,0.4,90.70859916652428,249.63430000731023,91.25284497285062,175.89213719783586,43.2
"stall p=0.10, 1 ms",stall_mag,1,7.900592061167581,39.76280000788379,9.75920136464031,40.17087919698669,73.2
"stall p=0.10, 2 ms",stall_mag,2,3.1676843312632665,18.00969999865626,5.1540338012866815,20.912174399796648,80.80000000000001
"stall p=0.10, 8 ms",stall_mag,8,16.846427421812752,66.16720000485654,18.717474005952738,58.48645120245057,53.6
"stall p=0.10, 12 ms",stall_mag,12,23.87210124678376,112.95600000448758,24.57305288911479,106.35545720215309,67.2
normal sigma=0.10C,var_normal,0.1,67.84988736929115,282.53770000563236,69.53944610416347,253.38723120334916,57.199999999999996
normal sigma=0.25C,var_normal,0.25,4.823310017707325,25.858000003499804,7.005340179345085,28.28944279893782,79.60000000000001
normal sigma=0.50C,var_normal,0.5,15.574075136011956,94.37479999935027,17.304625100286508,93.96319000195955,77.60000000000001
normal sigma=1.00C,var_normal,1.0,14.580738616724076,74.44180000282353,16.900197280210577,69.83425600331974,56.8
lognormal sigma=0.25,var_lognormal,0.25,5.56941315721558,36.98959999921499,8.103537757323025,40.23303560167553,80.0
lognormal sigma=0.50,var_lognormal,0.5,4.397908256491242,42.41210000414867,5.92188124363881,47.897610396932606,94.39999999999999
lognormal sigma=1.00,var_lognormal,1.0,4.501856380006859,37.75090000126502,6.668391187344565,42.08588719685229,87.2
lognormal sigma=1.50,var_lognormal,1.5,33.02718955566102,146.3097000023117,35.19255191813506,123.69662359941867,36.4
